it,1403478
the,1002305
</S>,869534
to,620013
a,513303
’,504729
of,492063
and,486872
”,456464
in,397588
that,306835
s,288828
“,219775
was,200992
for,192693
on,189539
is,171134
said,171131
with,157034
as,133642
Trump,133312
I,117773
at,101756
has,99115
—,94960
not,93341
who,91908
from,91423
be,88257
The,86150
by,86117
an,84077
had,80753
have,78189
t,77678
about,72156
but,63589
would,62528
this,57879
are,51710
when,49423
will,48593
or,47890
been,47135
they,46698
one,45650
out,45222
after,42895
more,42893
which,41167
says,40905
what,40804
up,40710
you,40375
people,38677
were,38044
Clinton,37917
also,36757
we,36462
But,36408
In,36078
their,35125
can,35071
all,34995
if,33994
told,33882
like,33128
so,31458
into,30966
just,29681
than,29613
because,29570
Mr,29443
could,29374
time,29173
It,28953
campaign,28797
first,28737
there,28475
over,27076
do,26708
no,26600
them,25194
did,25148
president,25007
other,24938
years,24873
some,24553
before,24300
And,23762
President,23639
how,23558
Obama,23232
me,22580
even,22149
where,22068
made,21830
Donald,21811
two,21777
against,21773
my,21633
last,21400
back,20866
only,20734
get,20320
now,19851
going,19458
most,19336
own,18840
our,18792
way,18756
during,18715
A,18506
think,18471
any,18471
then,18426
New,18159
being,17993
new,17903
very,17867
many,17782
make,17688
Republican,17433
its,17401
while,17300
House,17054
year,16979
say,16863
U,16829
S,16724
know,16630
We,16586
much,15549
man,15484
former,15284
those,15278
down,15248
family,15197
work,15135
country,15046
should,14944
state,14896
through,14598
didn,14476
When,14393
still,14366
don,14359
off,14232
called,14197
asked,14137
political,14129
American,14048
week,13789
never,13749
m,13740
Hillary,13663
day,13632
life,13518
re,13438
police,13091
see,13060
home,13054
take,12992
If,12958
added,12765
election,12690
government,12654
presidential,12640
right,12625
support,12502
saying,12451
since,12285
may,12072
go,12049
want,11975
As,11955
White,11911
world,11885
York,11716
got,11669
public,11610
women,11601
later,11492
around,11441
office,11381
That,11370
whether,11309
United,11272
well,11267
good,11247
This,11237
part,11193
might,11162
party,11124
show,11098
took,11082
Washington,11034
another,10997
media,10885
really,10849
wrote,10848
‘,10789
us,10709
d,10552
including,10456
three,10439
left,10310
doesn,10283
too,10273
such,10212
between,10186
same,10137
these,10067
days,9994
something,9987
came,9969
case,9886
does,9877
put,9865
won,9865
On,9854
found,9837
under,9774
America,9772
both,9746
Twitter,9655
help,9614
States,9519
woman,9518
administration,9414
policy,9373
team,9338
went,9295
come,9270
2016,9257
things,9250
You,9184
next,9175
long,9167
night,9161
according,9140
though,9076
law,9026
They,8981
interview,8964
used,8959
here,8917
Democratic,8900
news,8889
speech,8866
statement,8778
father,8774
ve,8769
Cruz,8744
away,8682
every,8671
Sanders,8590
business,8564
why,8506
job,8491
company,8489
candidate,8464
vote,8455
again,8426
few,8412
There,8406
News,8399
use,8372
CNN,8286
Tuesday,8268
school,8262
lot,8215
wanted,8201
Russia,8112
ll,8109
need,8096
voters,8080
without,8049
little,8035
end,8033
State,7981
After,7868
mother,7840
children,7829
point,7825
your,7815
win,7810
attack,7769
Friday,7758
name,7729
wife,7713
doing,7607
Senate,7593
thought,7576
Republicans,7565
Thursday,7560
best,7552
Wednesday,7546
group,7541
trying,7522
000,7522
months,7520
money,7515
past,7494
security,7394
national,7323
court,7318
At,7305
month,7256
making,7206
death,7202
far,7201
percent,7160
until,7153
For,7151
always,7139
nominee,7134
better,7133
US,7103
fact,7093
wants,7078
decision,7038
working,7022
officials,7016
change,7016
story,7016
federal,6994
great,6981
Monday,6976
One,6953
So,6936
ago,6922
son,6915
black,6823
once,6812
person,6808
call,6804
run,6793
look,6788
big,6785
give,6784
place,6781
among,6765
John,6759
young,6757
million,6745
thing,6734
having,6731
clear,6695
role,6668
believe,6624
early,6589
top,6575
several,6569
What,6563
Russian,6524
done,6524
already,6495
seen,6452
supporters,6418
head,6412
wasn,6406
power,6367
ever,6361
white,6355
set,6352
face,6347
recent,6339
investigation,6339
become,6334
press,6316
video,6263
Democrats,6261
Comey,6261
reported,6256
became,6252
real,6246
second,6229
book,6212
order,6210
enough,6192
least,6188
members,6182
find,6164
four,6158
Facebook,6153
deal,6150
question,6140
behind,6126
times,6126
foreign,6114
leader,6105
able,6104
Department,6095
kind,6088
Sunday,6074
gave,6067
keep,6063
Post,6062
likely,6039
FBI,6027
began,5992
someone,5967
meeting,5944
career,5934
less,5932
saw,5904
often,5879
taking,5858
10,5858
talk,5840
Americans,5824
known,5819
given,5811
National,5810
health,5802
information,5794
race,5776
running,5770
started,5766
military,5765
men,5745
earlier,5725
different,5704
1,5688
GOP,5673
executive,5672
plan,5657
shot,5646
questions,5641
history,5628
husband,5611
Congress,5572
issue,5556
lost,5551
…,5549
immigration,5537
Ryan,5537
care,5535
friends,5533
actually,5532
issues,5520
debate,5477
anything,5477
daughter,5473
email,5472
whose,5467
taken,5457
others,5452
While,5422
University,5421
friend,5390
city,5386
hard,5357
comments,5348
personal,5348
tax,5339
getting,5321
yet,5308
Saturday,5301
conservative,5295
Ms,5292
tried,5292
general,5282
worked,5279
tell,5234
war,5228
private,5227
Bush,5207
weeks,5163
position,5159
2015,5147
close,5143
killed,5137
report,5120
knew,5114
Times,5104
high,5103
spent,5085
secretary,5083
five,5060
Rubio,5058
important,5054
move,5027
let,5011
nothing,5008
continued,4988
North,4978
officer,4960
feel,4957
stop,4954
director,4935
May,4928
rights,4917
makes,4911
course,4896
system,4892
announced,4842
chief,4835
love,4811
states,4786
social,4782
Fox,4770
using,4767
described,4765
felt,4760
spoke,4755
released,4748
line,4746
almost,4743
met,4715
recently,4711
morning,4708
outside,4698
lead,4691
Court,4689
primary,4674
community,4673
evidence,4661
room,4661
words,4650
number,4641
member,4638
Putin,4631
hours,4604
along,4604
sure,4603
game,4598
idea,4593
Bill,4591
old,4587
play,4583
died,4581
reporters,4566
received,4564
presidency,4561
must,4546
nomination,4544
official,4532
across,4522
future,4521
open,4520
2014,4510
held,4503
major,4482
late,4475
side,4464
pay,4462
talking,4459
record,4453
turned,4441
seems,4431
South,4417
comes,4416
conference,4414
message,4413
China,4409
Sen,4406
heard,4397
parents,4389
phone,4377
possible,4370
process,4369
gun,4367
20,4362
fight,4357
looking,4351
politics,4338
plans,4332
matter,4323
reports,4322
Now,4322
leave,4312
moment,4311
each,4311
whom,4298
start,4284
today,4274
leaders,4270
sent,4251
coming,4246
March,4245
officers,4240
legal,4223
car,4220
local,4217
led,4197
child,4168
trade,4164
attorney,4163
attacks,4152
No,4150
small,4145
needs,4141
everything,4134
strong,4133
rather,4133
house,4124
2,4109
isn,4106
bill,4105
calling,4103
2012,4099
experience,4098
victory,4074
helped,4061
probably,4053
During,4052
intelligence,4052
bad,4050
control,4049
am,4041
judge,4035
appeared,4035
free,4032
calls,4031
full,4024
Paul,4024
together,4010
hand,4010
final,4009
toward,4007
season,3999
staff,3993
continue,3987
Barack,3986
lives,3968
George,3963
try,3960
Party,3958
Florida,3944
following,3931
claims,3927
Michael,3922
seemed,3921
David,3919
program,3906
problem,3882
chance,3880
accused,3876
guy,3874
reason,3850
James,3836
To,3836
event,3824
played,3821
relationship,3818
hit,3809
hope,3807
live,3793
interest,3791
instead,3786
adding,3769
My,3767
despite,3761
Justice,3760
nation,3754
letter,3745
nearly,3732
decided,3732
bring,3721
brought,3720
response,3716
30,3708
believes,3700
Flynn,3698
noted,3693
students,3689
Pence,3683
turn,3683
showed,3680
six,3680
anyone,3677
points,3675
2013,3639
film,3638
City,3634
Texas,3629
Even,3624
happened,3617
Syria,3616
within,3615
claimed,3607
body,3606
Muslim,3595
Committee,3588
brother,3576
With,3568
series,3566
wrong,3566
release,3558
prison,3556
sense,3554
especially,3550
January,3548
address,3540
policies,3539
economic,3539
knows,3533
cut,3528
Sessions,3528
follow,3523
hearing,3521
November,3509
else,3507
shows,3497
jobs,3487
Breitbart,3483
needed,3478
read,3475
front,3472
couldn,3466
simply,3457
gets,3452
suggested,3446
defense,3433
telling,3415
mind,3397
forward,3395
elected,3390
example,3390
ask,3389
attention,3389
wouldn,3385
remarks,3384
charges,3376
means,3374
claim,3374
hold,3366
further,3354
Then,3350
living,3344
soon,3343
takes,3343
failed,3340
expected,3337
senior,3333
June,3325
understand,3321
everyone,3315
speak,3315
repeatedly,3311
human,3309
Mexico,3306
15,3304
building,3284
student,3281
California,3280
governor,3278
potential,3273
involved,3272
July,3268
Supreme,3263
action,3259
either,3256
named,3255
countries,3252
stand,3245
TV,3245
stay,3238
return,3238
served,3235
hands,3233
visit,3232
sexual,3221
Islamic,3219
3,3212
moved,3205
effort,3194
playing,3189
based,3185
account,3185
post,3171
5,3166
financial,3160
fellow,3157
believed,3156
term,3151
rally,3147
age,3133
view,3131
allies,3130
college,3130
C,3128
true,3125
lawyer,3113
violence,3109
near,3107
groups,3102
special,3087
crowd,3086
fire,3084
trip,3083
Secretary,3081
emails,3080
current,3076
however,3075
efforts,3063
mean,3061
paid,3059
ban,3053
large,3052
offered,3049
looked,3041
11,3039
half,3035
D,3034
actions,3027
longer,3021
O,3019
West,3012
thinks,3002
force,3001
shooting,2998
immigrants,2990
adviser,2989
companies,2985
April,2983
star,2980
100,2973
By,2972
inside,2963
Street,2961
third,2959
whole,2958
speaking,2948
ISIS,2944
stage,2944
character,2940
fired,2934
voice,2932
music,2927
raised,2927
drug,2926
service,2923
choice,2920
allowed,2920
ties,2917
perhaps,2913
criminal,2906
wall,2901
heart,2898
explained,2897
answer,2893
kept,2891
tells,2887
views,2883
giving,2879
decades,2878
leading,2874
quickly,2874
host,2868
Johnson,2868
town,2866
Carolina,2861
ran,2856
colleagues,2850
meet,2848
border,2848
audience,2846
bit,2840
candidates,2834
goes,2831
popular,2827
serious,2815
Mike,2815
movement,2810
particularly,2810
asking,2809
2008,2806
sign,2803
single,2802
hospital,2800
key,2799
problems,2798
authorities,2796
How,2793
focus,2792
J,2787
approach,2787
comment,2785
short,2781
Iraq,2780
February,2775
learned,2772
girl,2770
senator,2768
ways,2764
act,2761
convention,2761
difficult,2761
minutes,2759
concerns,2755
Ted,2742
posted,2742
crime,2738
changed,2732
water,2730
According,2714
12,2713
born,2712
illegal,2709
criticism,2705
Bernie,2698
arrested,2695
latest,2694
polls,2691
kids,2678
nuclear,2671
leadership,2665
trial,2665
General,2663
immediately,2652
hear,2651
dead,2643
tweeted,2642
directly,2639
finally,2638
Iran,2637
class,2637
leaving,2634
terms,2633
figure,2631
argued,2627
gone,2627
agency,2626
although,2623
manager,2621
8,2617
list,2616
ground,2615
majority,2615
situation,2615
looks,2613
Mrs,2611
eventually,2610
refused,2610
ahead,2606
threat,2602
works,2600
Korea,2596
entire,2589
television,2589
level,2588
winning,2586
minister,2586
thinking,2585
international,2581
millions,2573
votes,2572
County,2569
statements,2564
4,2562
pretty,2558
published,2558
conversation,2545
word,2541
committee,2540
God,2537
opposition,2536
build,2535
British,2531
interests,2528
remains,2527
agenda,2522
Follow,2517
boy,2506
weekend,2502
economy,2497
Instead,2496
seem,2496
publicly,2493
area,2490
Democrat,2487
enforcement,2486
denied,2486
European,2483
ability,2479
previously,2474
Bannon,2472
writes,2469
success,2464
quite,2463
opportunity,2462
exactly,2462
medical,2461
protect,2455
themselves,2455
performance,2452
rest,2451
Police,2451
promised,2449
forced,2446
justice,2446
voted,2445
alone,2444
eight,2443
rules,2443
similar,2442
charged,2442
organization,2440
All,2440
certainly,2439
result,2437
alleged,2435
seven,2432
industry,2431
step,2430
talked,2430
couple,2428
Iowa,2426
Some,2426
W,2418
confirmed,2415
online,2411
ended,2407
September,2405
Muslims,2400
details,2394
attempt,2392
board,2391
50,2391
hasn,2388
biggest,2384
pick,2383
events,2380
fighting,2378
climate,2378
chairman,2374
fear,2373
female,2369
previous,2360
standing,2360
due,2358
sex,2357
Israel,2348
Senator,2348
World,2341
lived,2340
returned,2339
documents,2338
workers,2337
declined,2337
appears,2327
2011,2326
certain,2326
provide,2325
respect,2325
families,2315
reporter,2312
clearly,2312
cases,2306
share,2304
allegations,2303
incident,2302
civil,2299
Scott,2297
Here,2296
happen,2295
created,2295
spending,2292
pointed,2291
Europe,2291
included,2291
London,2287
assault,2281
French,2279
writing,2276
center,2271
bank,2271
Last,2270
sometimes,2270
East,2269
6,2268
sort,2268
global,2262
December,2261
Ohio,2258
break,2256
meant,2254
fall,2254
source,2251
eyes,2244
People,2242
reality,2242
allow,2241
responded,2239
whatever,2231
pressure,2230
Union,2226
remain,2223
7,2220
firm,2219
willing,2218
expressed,2218
transition,2214
field,2211
happy,2207
written,2205
2017,2204
An,2204
Day,2204
Minister,2203
hopes,2202
serve,2199
establishment,2196
King,2195
radio,2193
influence,2192
October,2192
offer,2190
thousands,2190
referring,2189
stories,2188
reportedly,2186
appearance,2186
criticized,2184
cause,2182
maybe,2181
concerned,2180
signed,2176
declared,2175
spokesman,2175
joined,2172
However,2171
Virginia,2170
remember,2170
fans,2169
Dr,2169
ready,2168
9,2168
considered,2168
form,2166
travel,2162
lose,2161
create,2161
Reagan,2160
food,2159
movie,2158
War,2157
forces,2155
scene,2154
charge,2150
Brown,2150
research,2147
terrorist,2147
followed,2147
page,2144
education,2129
risk,2129
aides,2125
air,2125
website,2117
throughout,2117
player,2116
access,2115
beyond,2115
Wall,2113
summer,2108
stopped,2104
25,2100
Why,2099
First,2098
shared,2095
Center,2093
significant,2086
loss,2084
door,2082
showing,2082
de,2081
Security,2081
religious,2080
sister,2080
article,2076
laws,2075
holding,2075
Chris,2073
lack,2069
Jones,2068
voting,2068
murder,2068
2010,2065
liberal,2064
critics,2062
Not,2062
San,2061
delegates,2058
moving,2058
Chinese,2052
piece,2052
Office,2051
light,2051
supported,2050
project,2049
revealed,2047
victims,2045
powerful,2038
gay,2038
Kasich,2037
Martin,2036
Kelly,2036
talks,2036
apartment,2034
agreed,2033
CEO,2030
seat,2029
tough,2027
base,2026
August,2025
behavior,2022
arrived,2020
victim,2018
kill,2017
challenge,2014
feels,2014
admitted,2014
Rep,2010
image,2007
terrorism,2006
trust,2002
strategy,2001
Romney,2000
cover,1995
Syrian,1995
Though,1995
lawsuit,1994
Chicago,1993
stood,1993
coverage,1992
photo,1992
NATO,1991
tweet,1991
estate,1991
classified,1991
market,1990
taxes,1988
allegedly,1988
huge,1982
safe,1980
weapons,1980
numbers,1973
pulled,1972
crisis,1972
sees,1972
network,1970
18,1970
subject,1967
results,1965
department,1963
Just,1961
40,1960
multiple,1959
wearing,1959
cost,1959
Robert,1958
Act,1955
treatment,1955
failure,1953
particular,1950
agreement,1950
consider,1949
From,1945
France,1945
promise,1944
peace,1944
apparently,1943
sought,1942
Obamacare,1942
sitting,1941
appeal,1940
records,1939
reached,1939
Smith,1937
killing,1935
Britain,1934
watch,1932
walked,1931
returns,1930
Attorney,1927
Spicer,1927
rule,1925
itself,1925
growing,1924
committed,1924
server,1924
worth,1924
Yet,1923
floor,1918
push,1916
passed,1915
Mark,1913
seeing,1906
explain,1906
13,1906
filed,1906
energy,1905
rhetoric,1905
grew,1902
culture,1902
changes,1901
middle,1900
Los,1899
poll,1899
hotel,1899
Since,1898
sources,1898
truth,1896
relations,1893
2009,1892
confirmation,1887
status,1886
baby,1886
Kim,1885
goal,1885
focused,1879
reform,1876
planned,1875
completely,1874
appear,1874
praised,1872
pass,1871
Paris,1870
broke,1869
table,1866
upon,1866
training,1866
loved,1865
positions,1863
marriage,1862
putting,1860
study,1859
afternoon,1858
14,1856
Because,1854
arrest,1854
abortion,1853
vice,1851
largely,1851
data,1850
racist,1844
reach,1843
language,1838
lawyers,1835
caught,1834
Press,1833
helping,1833
Jr,1832
built,1831
Christian,1830
successful,1828
poor,1827
cast,1825
target,1824
Steve,1824
suspect,1823
attacked,1820
critical,1819
Richard,1818
professor,1817
Still,1815
married,1815
avoid,1813
author,1813
warned,1812
watching,1812
continues,1811
include,1807
worried,1807
partner,1805
faced,1804
opened,1804
song,1802
impact,1801
prime,1800
issued,1798
opponents,1798
N,1797
mayor,1795
employees,1794
Judge,1794
Angeles,1791
deep,1791
version,1791
favor,1789
church,1781
16,1780
raise,1780
beginning,1779
Asked,1777
seeking,1775
conservatives,1773
discuss,1771
recalled,1768
evening,1767
famous,1767
jail,1767
doubt,1764
paper,1764
Mexican,1764
Although,1763
Vladimir,1763
beat,1763
opening,1761
defend,1760
Christie,1759
notes,1759
players,1759
acknowledged,1758
opponent,1756
dangerous,1755
More,1754
space,1752
argument,1751
provided,1751
familiar,1749
safety,1749
opinion,1745
fully,1744
request,1743
ultimately,1743
feeling,1742
NBC,1742
Jeff,1741
ideas,1739
Hampshire,1739
stated,1738
Gorsuch,1735
Is,1734
central,1732
style,1731
promises,1731
Park,1731
send,1729
testimony,1724
currently,1721
candidacy,1719
hair,1718
Tom,1715
insisted,1715
picture,1712
battle,1710
Prime,1709
schools,1709
site,1708
identified,1707
Like,1704
blood,1703
advisers,1702
hurt,1700
supporting,1700
mostly,1699
Black,1699
street,1698
district,1698
17,1697
Williams,1697
Despite,1695
expect,1695
Tillerson,1695
bid,1694
above,1693
Joe,1692
Hollywood,1690
rival,1690
deeply,1688
congressional,1687
becoming,1686
aware,1686
reasons,1685
spend,1679
easy,1678
legislation,1678
games,1676
dollars,1673
buy,1672
doctor,1672
path,1669
accept,1666
test,1664
books,1663
gives,1661
faith,1659
refugees,1658
join,1653
personally,1653
period,1653
false,1652
trail,1650
decisions,1649
guilty,1648
feet,1646
condition,1646
write,1646
Islam,1645
newspaper,1645
learn,1644
opposed,1642
Director,1640
ones,1640
tweets,1639
low,1639
actor,1638
concern,1637
values,1635
red,1634
various,1634
main,1632
Before,1631
ambassador,1626
Lee,1625
pushed,1623
Germany,1618
worst,1616
agents,1616
Don,1614
club,1614
Assad,1612
Pennsylvania,1611
deals,1610
coach,1610
present,1609
retired,1609
sentence,1609
independent,1606
reporting,1606
Jackson,1605
land,1602
nor,1600
threats,1600
available,1599
losing,1599
common,1599
Carson,1598
note,1598
rise,1597
hate,1595
waiting,1595
19,1594
prepared,1590
older,1590
Another,1588
budget,1587
conflict,1587
insurance,1586
wins,1585
ordered,1584
adds,1584
magazine,1584
worse,1582
album,1581
practice,1578
plane,1576
sat,1576
School,1575
These,1573
seek,1571
facing,1571
effect,1569
controversial,1569
delivered,1569
authority,1567
dinner,1565
positive,1563
save,1561
Ben,1557
walk,1557
drugs,1557
agent,1556
art,1555
freedom,1553
keeping,1552
Turkey,1551
mom,1549
citizens,1548
starting,1547
dropped,1547
flight,1546
defeat,1546
initial,1542
individual,1540
review,1540
Castro,1537
Foundation,1536
identity,1535
announcement,1535
total,1534
German,1532
meetings,1532
secret,1531
businesses,1530
Indiana,1529
platform,1529
Jersey,1527
billion,1525
suit,1524
politicians,1523
conversations,1523
knowledge,1518
steps,1518
male,1516
Reuters,1515
cited,1513
parties,1512
track,1510
Well,1510
Of,1509
favorite,1509
abuse,1509
urged,1509
contact,1508
proposed,1507
Hill,1506
advice,1505
professional,1504
hundreds,1503
B,1503
hour,1502
driving,1498
earned,1496
vision,1495
treated,1495
elections,1494
interviews,1493
agree,1493
threatened,1492
responsibility,1487
suffered,1487
caused,1485
drive,1484
reading,1484
p,1484
acting,1483
attended,1480
services,1479
Our,1478
faces,1476
hoped,1476
cancer,1474
Daily,1473
serving,1473
fine,1473
African,1473
lawmakers,1473
original,1472
model,1472
title,1471
society,1470
interested,1470
highly,1469
direct,1469
prosecutors,1469
lines,1467
Many,1467
twice,1466
claiming,1465
protest,1465
Kennedy,1463
fell,1463
Jewish,1463
NPR,1463
shown,1462
benefit,1462
angry,1460
defended,1460
girls,1460
investigators,1459
respond,1458
carry,1458
station,1458
decade,1457
fair,1455
McCain,1455
St,1452
younger,1452
driver,1449
legacy,1449
responsible,1449
Ivanka,1449
massive,1449
ball,1449
Kushner,1449
controversy,1446
walking,1445
owner,1445
necessary,1443
possibility,1442
pledge,1442
supposed,1441
watched,1441
eye,1440
road,1440
science,1440
BuzzFeed,1437
inauguration,1436
prove,1436
convicted,1436
Manhattan,1434
sound,1434
capital,1433
suggest,1433
programs,1433
Middle,1429
Thomas,1428
initially,1427
football,1427
birth,1426
surprised,1425
myself,1425
background,1423
Chief,1422
paying,1422
brand,1421
property,1421
suggests,1418
radical,1417
billionaire,1415
specific,1414
sold,1413
pain,1411
traditional,1410
dad,1410
commitment,1409
moments,1406
managed,1404
scandal,1404
university,1404
income,1404
onto,1404
complete,1403
writer,1403
removed,1402
begin,1402
credit,1401
Sean,1400
racial,1399
episode,1398
Army,1398
somebody,1396
Japan,1395
protesters,1394
presence,1394
22,1394
via,1391
F,1390
stuff,1390
round,1389
store,1389
funding,1388
carried,1388
Two,1386
Read,1384
behalf,1383
attempted,1383
aren,1381
degree,1381
24,1381
chose,1380
suggesting,1376
absolutely,1376
mention,1376
likes,1375
EU,1374
photos,1373
discussed,1373
proposal,1373
related,1371
politician,1369
Today,1369
boss,1367
amount,1367
Saudi,1366
straight,1364
increase,1363
shortly,1362
everybody,1361
Constitution,1360
runs,1360
Marco,1360
remained,1360
stands,1358
deputy,1357
parts,1355
addition,1355
simple,1353
nature,1352
trouble,1351
arms,1350
followers,1350
check,1349
Wisconsin,1349
Eric,1348
bringing,1348
replied,1347
fraud,1347
compared,1347
bought,1346
discovered,1345
fake,1344
camp,1344
greatest,1343
places,1343
prosecutor,1343
embrace,1343
entirely,1341
conduct,1341
surprise,1339
noting,1338
happens,1338
plays,1336
chair,1335
Speaker,1335
WASHINGTON,1335
picked,1334
proud,1334
Michigan,1333
sell,1333
sanctions,1332
prevent,1331
artist,1329
agencies,1328
Moscow,1328
speeches,1323
explains,1323
oil,1318
nine,1316
tone,1316
date,1315
development,1315
Miller,1315
reputation,1314
amid,1314
matters,1313
Conway,1312
messages,1312
mental,1311
journalists,1310
struck,1309
longtime,1309
planning,1308
teacher,1308
ruling,1308
confident,1308
increasingly,1308
drop,1307
higher,1306
scheduled,1306
2005,1306
launched,1306
seriously,1300
tour,1297
repeated,1297
Governor,1297
broken,1295
endorsement,1294
camera,1293
asks,1293
facts,1292
21,1292
damage,1291
mass,1290
exchange,1288
placed,1287
required,1286
physical,1285
veteran,1285
region,1285
questioned,1284
hadn,1284
Let,1283
visited,1283
attend,1282
terror,1282
citing,1281
Brooklyn,1280
Prince,1280
Stephen,1278
dark,1277
restaurant,1277
violent,1276
Warren,1276
areas,1276
dog,1275
lower,1275
realized,1275
doctors,1274
extremely,1273
gotten,1273
domestic,1273
60,1272
supporter,1272
golf,1272
investment,1271
arm,1270
Afghanistan,1270
confidence,1269
mistake,1269
understanding,1265
spoken,1265
communities,1265
missing,1265
advantage,1261
vehicle,1261
brain,1260
English,1260
contract,1259
suicide,1259
College,1257
specifically,1256
voter,1256
regarding,1256
Tower,1254
crimes,1253
mentioned,1251
concluded,1249
Those,1248
separate,1248
unable,1248
Korean,1246
truly,1246
Peter,1245
CIA,1244
daily,1242
turning,1242
District,1242
easily,1241
miles,1240
referred,1240
beautiful,1240
invited,1239
businessman,1238
Vice,1238
considering,1238
Council,1237
mission,1236
jury,1236
foundation,1235
pushing,1234
blame,1233
mate,1233
protests,1232
modern,1231
anger,1231
replace,1230
conflicts,1230
fund,1230
closed,1228
honor,1227
finding,1225
becomes,1224
ensure,1224
finds,1223
accounts,1223
2007,1222
McConnell,1222
strength,1220
secure,1220
editor,1220
decide,1219
neighborhood,1219
citizen,1219
normal,1217
dismissed,1217
widely,1216
Most,1215
rape,1213
wait,1210
Intelligence,1209
guys,1208
International,1206
intended,1206
journalist,1206
backed,1206
search,1205
hoping,1205
pull,1205
desire,1205
rallies,1203
turns,1203
stance,1202
fashion,1202
direction,1201
Cuba,1200
regime,1200
firing,1199
founder,1198
sit,1196
raising,1195
Brexit,1194
lying,1193
fit,1193
names,1192
Ali,1192
politically,1191
bed,1191
Former,1189
entered,1188
Kaine,1188
describes,1188
500,1188
26,1187
rate,1187
R,1186
signs,1185
approval,1185
aide,1184
negative,1182
mainstream,1181
Who,1178
constitutional,1176
difference,1175
determined,1175
experts,1174
operations,1174
haven,1174
includes,1173
armed,1173
Dallas,1173
deliver,1172
price,1171
growth,1171
23,1170
perfect,1170
surgery,1170
testified,1168
frequently,1168
ABC,1168
Erdogan,1168
additional,1167
K,1167
drew,1167
principle,1167
natural,1165
emotional,1165
usually,1165
discussion,1164
speaker,1163
possibly,1163
endorse,1163
unlikely,1162
shouldn,1160
arguing,1160
material,1159
vowed,1158
Back,1158
nearby,1158
gender,1158
fun,1157
stock,1157
orders,1157
cuts,1155
Or,1154
gold,1154
Andrew,1154
Le,1154
imagine,1153
nice,1153
tenure,1152
shift,1152
block,1151
leaves,1151
democracy,1151
inspired,1151
instance,1149
reaction,1149
lady,1147
value,1147
Once,1147
allowing,1145
singer,1143
strike,1143
donors,1142
repeal,1142
uses,1141
guns,1141
prominent,1141
liked,1139
brief,1138
kid,1138
potentially,1137
pledged,1137
technology,1137
bar,1136
Cleveland,1135
ad,1133
fan,1132
27,1130
yes,1130
terrorists,1130
benefits,1129
religion,1128
smart,1127
upset,1125
endorsed,1125
type,1123
Speaking,1123
receive,1123
choose,1121
impossible,1121
touch,1120
28,1120
cities,1120
die,1119
alive,1119
2006,1117
communications,1117
internet,1115
Russians,1115
alongside,1112
rejected,1111
counsel,1111
operation,1110
accepted,1108
regular,1108
challenges,1107
Orlando,1107
meets,1107
primaries,1105
powers,1105
witness,1105
entering,1105
Anthony,1105
corruption,1103
champion,1102
corporate,1102
carrying,1102
2004,1101
patients,1098
briefing,1098
creating,1098
happening,1096
missed,1096
Capitol,1095
hero,1095
unclear,1095
finished,1093
Jim,1092
failing,1092
prior,1091
AP,1091
Nunes,1091
activists,1090
regulations,1090
puts,1089
Will,1088
Over,1088
emerged,1088
campus,1085
CBS,1085
progressive,1084
rich,1084
remove,1082
connection,1082
warning,1081
electoral,1081
Meanwhile,1081
Super,1080
accusations,1080
activist,1080
setting,1079
Amendment,1079
employee,1079
attempts,1076
ongoing,1076
meaning,1075
none,1075
weren,1075
Show,1074
Convention,1073
weight,1073
Schumer,1072
achieve,1072
aside,1072
debt,1072
supports,1071
client,1071
funds,1071
spot,1071
assistant,1070
hired,1070
towards,1069
William,1067
Cuban,1067
struggling,1066
cash,1065
Duterte,1065
Boston,1065
largest,1064
selling,1064
Jan,1063
Green,1063
core,1062
lies,1060
fourth,1060
wish,1059
suddenly,1058
greater,1058
Oh,1058
200,1058
Moore,1058
senators,1058
offering,1057
songs,1056
range,1056
generation,1056
Israeli,1056
Philadelphia,1056
closer,1055
Carter,1055
organizations,1055
effective,1053
match,1053
worry,1052
Maybe,1052
Biden,1052
afraid,1050
actual,1050
below,1050
obviously,1048
computer,1048
complaint,1048
Can,1047
blue,1046
sending,1046
otherwise,1045
limited,1045
escape,1045
era,1045
Earlier,1044
bigger,1043
streets,1043
figures,1043
Nixon,1042
listen,1041
Later,1040
Scalia,1040
costs,1040
annual,1040
individuals,1038
introduced,1035
sons,1035
weapon,1035
injured,1034
comfortable,1034
troops,1034
per,1033
basis,1033
basically,1033
35,1032
Journal,1032
convinced,1032
videos,1031
drove,1030
labor,1030
gas,1029
covered,1028
racism,1024
anybody,1023
Georgia,1023
unless,1023
band,1022
Service,1021
loves,1020
understood,1019
ticket,1018
wake,1018
Marine,1018
residents,1018
injury,1018
directed,1017
appointed,1017
Defense,1017
Tim,1016
changing,1016
Francis,1013
interesting,1012
E,1012
Associated,1012
Graham,1012
essentially,1011
Bob,1011
Arizona,1011
represents,1010
29,1010
actress,1010
neither,1008
profile,1008
refugee,1008
rivals,1007
colleague,1006
bus,1005
captured,1005
train,1005
describing,1004
NFL,1004
Great,1003
terrible,1003
conspiracy,1003
probe,1003
narrative,1002
cell,1002
holds,1001
Priebus,1001
images,1001
injuries,1000
na,1000
numerous,999
detail,999
dream,998
card,998
add,998
window,997
resources,997
apparent,996
disease,996
aggressive,996
fought,995
obvious,994
starts,993
larger,993
century,992
Canada,992
closely,991
laid,991
Ford,990
Khan,989
ruled,988
minority,986
contrast,986
defending,986
indicated,985
Do,985
inflation,985
speaks,984
infrastructure,984
conditions,984
airport,984
Yes,983
Ronald,983
unusual,982
Kerry,982
standard,982
Turkish,982
traveled,982
encouraged,981
finish,981
celebrity,981
highest,980
theory,980
backing,980
Institute,980
reader,980
truck,980
stepped,979
color,979
flag,979
strongly,977
complex,975
personality,974
projects,974
T,973
surveillance,971
Time,969
totally,968
definitely,968
moral,967
clean,967
shoot,965
average,965
Cosby,965
Every,964
sentenced,963
regularly,963
launch,963
joke,962
size,962
sports,962
receiving,962
Melania,962
approached,961
realize,961
shares,961
girlfriend,961
thanks,960
basic,959
Charles,959
Mateen,959
45,958
Davis,957
spread,957
Federal,957
Mary,956
questioning,955
quick,954
reference,954
management,954
involvement,954
literally,953
bomb,952
wealthy,952
sides,952
UK,952
ethics,952
stayed,952
addressed,952
emergency,951
struggled,951
answers,951
Instagram,951
keeps,950
grow,950
suffering,950
belief,949
shut,949
progress,949
resigned,948
learning,948
League,948
Star,947
engaged,947
acts,947
Miami,947
Pope,947
investigations,946
describe,946
boys,946
birthday,946
investors,944
Perhaps,944
breaking,944
ally,944
effectively,943
Francisco,943
leads,943
MSNBC,943
active,942
measures,942
nobody,941
rare,941
advance,940
proposals,940
spring,940
Jeb,940
Guardian,940
somehow,939
struggle,939
nominated,939
interviewed,938
wealth,938
generally,938
Lewis,937
pointing,937
draw,937
measure,935
England,935
attacking,934
experienced,934
M,934
moderate,933
Merkel,933
Hall,932
presented,932
pursue,931
Catholic,931
recorded,930
hall,930
H,930
worker,930
crazy,928
cultural,928
Jason,928
environment,928
resignation,926
Sarah,926
Elizabeth,925
targeted,925
handling,925
judges,925
cabinet,925
text,925
taught,924
Olympic,924
Western,924
throw,924
Law,924
circumstances,923
extreme,923
tries,923
daughters,922
polling,922
barely,922
fast,921
wonder,919
league,919
childhood,918
historic,918
goals,917
judgment,917
offers,917
designed,917
heavily,917
Al,917
indeed,916
threw,916
sexually,916
Alabama,915
thoughts,915
coalition,914
Arabia,914
hot,914
clients,914
immigrant,913
filled,913
presumptive,913
Stone,912
breitbart,911
pictures,911
predecessor,911
blamed,911
winner,910
informed,910
passing,910
Colorado,910
characters,909
consequences,909
increased,909
appropriate,908
levels,908
immediate,908
apologized,908
danger,907
knowing,906
Leader,904
transgender,904
pair,904
represent,903
suspended,903
ends,902
Air,902
double,901
Mitt,901
contest,901
production,901
involving,899
alternative,899
Apple,898
dozen,898
2001,898
sleep,897
Foreign,897
Pen,897
gain,896
Freedom,896
mouth,895
Beach,895
courts,894
moves,893
novel,893
relatively,893
conviction,893
Daniel,892
improve,891
harassment,891
tape,891
drawn,891
successor,890
producer,890
wore,890
praise,889
dozens,889
fled,889
lie,888
offensive,888
Ukraine,888
Netanyahu,888
quiet,887
proved,886
context,886
Island,886
openly,886
pop,885
products,885
vast,885
relationships,885
diplomatic,884
skills,884
developed,884
stuck,884
demand,884
chosen,883
Business,883
custody,882
returning,882
Reilly,882
Murray,881
standards,881
apart,881
Cabinet,881
Manafort,881
wear,881
continuing,880
box,880
wide,880
ballot,880
gon,880
Mayor,879
guard,879
explaining,879
honest,879
reveal,878
populist,877
Nevada,876
shots,876
Southern,876
noticed,876
Care,875
enemy,875
hell,874
debates,874
green,874
strategist,874
Matt,874
count,873
mark,873
remaining,870
Association,868
overall,868
Christmas,868
partners,867
native,867
Mattis,867
occurred,866
panel,865
granted,864
option,864
Central,864
argue,864
2000,864
competition,864
investigating,863
ceremony,862
footage,862
recognize,862
reduce,861
Michelle,861
chances,860
providing,860
resign,859
Chuck,859
customers,859
plenty,858
pregnant,857
advocate,857
except,856
harder,856
sales,856
activity,856
session,855
union,855
baseball,853
Oval,853
affairs,853
neck,852
correct,852
abroad,852
expand,852
fears,851
clothes,851
heads,850
dealing,850
viewed,850
aid,849
Macron,849
veterans,848
adult,848
handle,848
illegally,848
options,847
pressed,847
papers,847
cops,846
feelings,845
DeVos,845
bathroom,844
II,844
argues,844
traffic,843
Atlantic,842
owned,842
duty,840
confirm,840
smile,840
expanding,840
nations,840
penalty,840
Jack,840
presidents,839
scrutiny,839
Gov,838
Editing,838
31,837
Health,837
collection,836
Cameron,836
referendum,836
comedy,835
traveling,835
understands,835
Lynch,834
memory,834
distance,833
resident,833
Kevin,832
stars,831
importance,831
tears,831
tied,830
unprecedented,830
signature,830
appointment,830
analysis,828
merely,827
neighbors,827
begins,827
headed,825
complained,825
Japanese,825
commander,824
negotiations,824
produced,824
Walker,824
legislative,823
ambitious,823
leg,823
fix,823
amazing,822
outlets,821
ratings,821
promising,821
Radio,820
expectations,820
solution,820
housing,820
promote,820
skin,820
Indeed,819
population,819
Taylor,819
combat,818
rising,818
Wilson,818
suspected,818
eat,818
Jordan,818
activities,817
easier,816
brothers,815
fill,815
protection,814
accusing,814
grown,814
folks,814
purpose,814
detailed,814
threatening,813
lied,813
roles,813
maintain,813
broad,813
Harvard,813
aimed,812
Among,812
determine,812
Organization,812
unique,811
visiting,811
Did,811
Women,811
grand,811
rock,810
undocumented,810
swing,809
construction,809
roughly,808
rates,808
associates,808
Google,808
relatives,808
outcome,807
corner,807
delegate,807
balance,806
broadcast,806
represented,806
opposite,806
priority,805
Navy,805
helps,804
enemies,804
discrimination,803
healthy,802
nominees,802
campaigns,800
donations,800
somewhat,800
document,799
2003,799
foot,798
shop,798
recalls,797
Uber,797
crucial,796
dress,796
Brian,795
analyst,795
listening,794
charity,794
Collins,793
heavy,793
army,793
investigate,793
sounds,793
refusing,792
harm,792
topic,791
Second,791
attorneys,791
Force,790
conducted,790
closing,790
weak,790
identify,789
refusal,788
perspective,788
L,788
predicted,787
posts,787
sick,787
campaigning,786
treat,786
boyfriend,786
Harry,785
Frank,785
blow,785
perform,785
notion,785
performed,785
India,785
pitch,784
Chelsea,783
established,783
teenager,783
award,783
youth,782
expert,781
movies,781
proof,780
brings,780
talent,780
staying,780
forget,780
Iranian,780
Ailes,779
departure,779
Cooper,779
founded,779
studies,779
elite,779
tonight,778
necessarily,777
minute,777
shocked,777
studio,777
environmental,776
Africa,776
southern,775
assets,775
funny,774
task,773
island,773
shape,772
debut,772
soldiers,772
OK,771
Conservative,771
Church,771
Election,770
explanation,770
obtained,770
convince,769
product,769
films,769
90,769
notice,769
remembered,769
journey,768
overseas,768
anyway,768
1990s,768
gathered,768
innocent,767
Politico,767
cycle,767
DNC,767
internal,767
documentary,765
draft,765
Goldman,765
content,764
Rick,764
blog,764
complicated,762
extra,762
Adam,762
seemingly,761
machine,761
eating,761
cars,761
recording,761
extent,760
conclusion,760
Long,760
coal,759
recognized,759
Rose,759
badly,758
quality,758
manner,758
Nov,757
guess,757
influential,756
require,756
Joseph,756
Roof,756
saved,756
capacity,755
rattled,755
enter,754
quit,754
survived,754
excited,754
chemical,753
oppose,753
accident,753
extraordinary,753
deny,753
joint,752
70,752
discussing,752
contacted,752
consistent,752
answered,751
homes,751
demands,751
quoted,751
Internet,751
spokeswoman,750
catch,750
Vietnam,750
banks,749
demanded,749
wounded,749
Young,748
patient,747
welcome,747
thus,747
governments,747
borders,747
experiences,746
P,745
Xi,745
rigged,744
executives,744
gained,744
affected,744
viewers,744
credibility,743
odds,743
preparing,742
drama,742
violated,742
constantly,742
lay,742
announcing,742
anymore,742
Price,742
Rio,741
park,741
screen,741
Alex,741
memo,741
connected,741
legs,738
2018,738
Amazon,738
disappointed,738
2002,736
driven,736
Ross,736
opportunities,736
El,736
unlike,734
Bank,734
briefly,733
cool,733
usual,732
missile,731
listed,730
column,730
Bay,729
contacts,729
pounds,728
silence,727
afford,727
surrounding,727
Agency,727
upcoming,726
institutions,726
urging,726
minimum,726
attending,726
Nations,725
intent,724
stronger,724
appearances,724
Chairman,724
rarely,724
maintained,723
closest,723
retirement,722
Minnesota,722
healthcare,722
protecting,722
schedule,722
Group,722
featured,721
Man,721
vulnerable,721
Bloomberg,721
phrase,721
Louisiana,721
shock,721
Massachusetts,720
handed,720
representative,720
Other,719
sad,719
roll,719
ending,719
attempting,719
destroy,719
Vermont,718
newly,717
owns,717
revolution,717
bag,717
slightly,717
principles,717
Illinois,716
stake,716
hits,716
crash,716
exit,715
Jews,715
findings,715
qualified,715
recall,715
Brady,715
disaster,714
intention,714
pleaded,714
calm,713
gang,713
Garland,713
beliefs,712
practices,712
yesterday,712
Hitler,711
master,711
arguments,710
300,710
allows,710
shoulder,710
Reid,709
prompted,709
drawing,709
finance,709
Life,709
Jimmy,709
capable,708
wonderful,708
apologize,708
USA,706
cold,706
extended,706
musical,706
Jesus,706
throwing,705
net,705
acted,705
Dan,704
surprising,704
challenged,704
expects,704
Tony,704
pool,704
pulling,703
Love,703
migrants,703
critic,702
willingness,702
Big,702
fame,702
mogul,701
slow,701
ignored,701
quarterback,701
broader,700
Only,700
Both,700
edge,700
follows,699
apology,699
hardly,699
attitude,698
Mets,698
marked,698
Perry,698
surrounded,697
sensitive,697
Live,697
Italian,696
spirit,696
fly,696
Baltimore,696
ride,695
express,695
sued,695
dramatic,695
giant,695
exercise,694
minor,694
Club,694
Yiannopoulos,694
crew,694
Beijing,693
Blasio,693
undermine,693
hearings,693
eager,692
Medicaid,691
Affordable,691
associated,691
produce,691
wave,691
headlines,690
Susan,689
leaked,689
1980s,689
Manning,689
jokes,689
patch,688
Lives,688
Harris,688
Look,688
tech,688
Miss,688
Stewart,687
cutting,687
Indian,687
equal,686
elsewhere,686
careful,685
letters,685
Houston,685
Canadian,685
reminded,684
marijuana,684
Services,684
Jared,683
Public,683
kinds,683
buildings,683
village,683
affect,682
hacking,682
landed,682
Aaron,682
Year,682
Where,681
facility,681
choices,680
desk,680
WikiLeaks,680
Parenthood,678
popularity,677
succeed,677
tactics,677
scared,677
legally,677
boost,677
unit,677
ring,677
Iraqi,677
gunman,676
wedding,676
grabbed,675
bear,675
Under,675
coup,675
challenging,675
teams,675
Abedin,675
headquarters,675
Hispanic,674
neighbor,674
wage,674
joining,674
High,674
tradition,673
tiny,673
archive,673
teachers,673
deportation,673
detained,673
graduate,672
bills,672
Howard,672
enormous,672
See,672
falling,672
Italy,672
Thompson,671
covering,671
miss,671
Valley,671
intense,671
80,671
gift,670
LGBT,670
striking,669
Given,669
Soviet,669
basketball,669
Planned,669
Van,669
limit,668
regardless,668
Oklahoma,668
Haley,667
Cohen,667
Open,667
bottom,667
shirt,667
guest,666
Anderson,666
YouTube,666
linked,665
Night,665
apply,664
caucus,664
plot,664
strange,663
hitting,662
ads,662
file,662
theme,662
demonstrated,661
rural,661
integrity,661
Kansas,661
insists,661
hosts,661
Olympics,660
quote,660
causes,660
beauty,660
democratic,659
tense,659
Lewandowski,659
engage,658
beating,658
complaints,658
counter,658
Fisher,658
inner,657
Social,657
grounds,657
frequent,657
dedicated,656
Allen,656
fairly,655
fresh,655
discussions,655
frustrated,655
suggestion,654
scenes,654
Labour,654
cross,653
adopted,653
Arab,653
replacement,651
stick,651
feared,651
Utah,651
fundraising,650
filing,650
stressed,650
tremendous,650
Christians,650
reaching,650
torture,650
knife,650
commercial,650
pieces,648
originally,648
speculation,648
BBC,647
Bowl,647
announce,646
loyalty,646
Detroit,646
associate,646
concert,645
split,645
circle,645
ideological,645
thank,645
dispute,644
prosecution,644
sharing,643
loses,643
buying,643
banned,643
assume,643
chest,643
Todd,643
formal,643
Morning,643
markets,642
effects,641
score,641
teaching,641
Sheriff,640
Whether,640
Avenue,640
seconds,640
fate,640
replaced,640
loyal,640
advised,639
frustration,639
soldier,639
routine,638
requests,638
Maryland,638
approved,638
Oscar,638
teen,638
bodies,637
display,637
poverty,637
Kentucky,636
incredible,636
fifth,636
heading,636
congressman,636
margin,635
soul,635
typical,635
resort,635
design,635
exposed,634
commit,634
Atlanta,634
visa,634
Patrick,634
reasonable,633
Henry,633
tests,633
enjoyed,632
Nation,632
1996,632
remembers,632
appeals,632
Representative,632
carefully,632
friendly,632
Louis,632
grandmother,632
relief,632
code,632
Academy,631
Steven,631
privacy,631
Brazil,631
Libya,631
sport,630
intends,630
hometown,630
criticizing,630
completed,630
encounter,630
Milo,630
counterpart,629
ill,629
successfully,629
Australian,629
DC,629
Jon,628
famously,626
Palestinian,626
Hernandez,626
destroyed,626
Gary,625
visits,625
hosted,625
entry,625
Also,624
singing,624
Roger,624
counts,624
Brussels,624
thrown,623
campaigned,623
jumped,623
priorities,623
chaos,623
dressed,622
fewer,622
celebrated,622
Vegas,622
memoir,622
Secret,621
voices,621
severe,621
partisan,620
abandoned,620
Their,620
disclose,620
serves,620
settled,620
sorry,619
evil,619
Matter,619
letting,619
eastern,618
remarkable,618
Nancy,618
Right,618
Are,618
tired,618
RELATED,618
device,618
therefore,617
classic,617
yourself,617
EPA,617
Lady,617
violation,616
increasing,615
proven,615
begun,615
illness,615
drinking,615
updates,615
Lincoln,614
corrupt,614
promoting,614
smaller,614
motivated,614
typically,613
animals,613
impression,613
officially,613
struggles,612
boat,612
About,612
artists,612
Australia,611
registered,611
parent,611
blind,611
Hamilton,611
Little,611
super,610
connections,610
expensive,609
reiterated,609
constant,609
laugh,608
county,608
license,608
Zuckerberg,608
Commission,608
Your,608
pages,608
waited,608
Again,607
label,607
impeachment,607
Sometimes,607
murdered,607
lots,606
perfectly,606
hire,606
Jonathan,606
opinions,606
staffers,605
hide,605
Three,605
400,605
Spanish,605
Rights,605
requested,605
Gen,605
drink,605
prospect,604
Red,604
rose,604
cameras,604
develop,604
brilliant,604
meanwhile,603
citizenship,603
mine,603
lunch,603
survive,603
territory,602
actors,601
admit,601
coffee,601
Does,601
features,601
Roberts,599
acknowledge,599
Abu,598
Aleppo,598
affair,598
1999,598
independence,597
signal,597
significantly,596
devoted,596
backlash,596
1992,596
regard,596
ignore,595
advocates,595
limits,595
Pentagon,595
Kislyak,595
causing,594
aftermath,594
testify,594
plant,594
reflect,593
risks,593
raped,593
La,593
respected,593
bench,593
contributions,593
hostile,592
incredibly,592
Rice,592
sheriff,591
consistently,591
sounded,591
doubts,591
embraced,591
representing,591
capture,591
manage,590
confronted,590
payments,590
hiding,590
encourage,590
kicked,590
Rosenstein,590
ICE,589
hiring,589
enjoy,589
Charlie,588
Giuliani,588
funeral,588
vocal,588
liberals,588
studied,587
Pakistan,587
legitimate,587
Earth,587
feed,587
creative,586
prices,586
focusing,586
guests,586
ideology,586
judicial,586
aim,586
sets,586
Asia,585
crowds,585
blocked,585
organized,585
demanding,585
checks,584
Yankees,584
busy,584
formally,584
scale,584
partly,584
anywhere,583
joked,583
settlement,583
v,583
Nick,582
Feb,582
resistance,582
passion,582
bombing,582
digital,582
deserves,581
duties,581
tweeting,581
Sachs,581
selection,580
diagnosed,580
seats,580
responding,580
van,580
diversity,580
reset,580
incoming,579
forever,579
dance,579
assumed,579
posed,579
grandfather,579
classes,578
Education,578
minorities,578
sharp,578
dogs,578
momentum,578
hat,577
properties,577
shooter,577
declaring,577
rating,577
speed,576
assured,576
animal,576
brutal,576
Wright,576
command,575
signing,575
cable,575
graduated,575
sale,575
systems,575
Shkreli,574
differences,574
sits,574
33,574
shootings,574
celebrate,574
Having,574
Gray,574
optimistic,573
alliance,573
picks,573
Gingrich,573
reelection,573
Left,572
assistance,572
yards,572
locked,571
founding,571
dating,571
northern,570
Hospital,570
Charlotte,569
warrant,569
titled,569
Podesta,569
wild,568
strategic,568
admits,568
assaulted,568
NBA,568
glass,567
Human,567
hatred,567
crying,566
fallen,566
Las,566
Justin,566
users,566
south,566
Mueller,566
1998,566
anxiety,566
Good,566
uncomfortable,566
manufacturing,566
wound,565
Columbia,565
anonymity,565
assessment,565
proper,565
skeptical,564
considers,564
Mitch,564
32,564
horrible,564
quarter,563
Several,563
division,563
reforms,563
unity,562
condemned,562
Jane,562
location,561
Neil,561
Weiner,561
provides,560
alcohol,560
Rex,560
physically,560
philosophy,560
Kaepernick,560
pilot,560
suspects,560
Josh,559
Civil,559
Palin,559
silent,558
somewhere,558
temporary,558
dying,558
telephone,557
requires,557
empire,557
indication,557
existing,557
farm,557
UN,556
desperate,556
Judiciary,556
fighter,556
quietly,556
performing,556
wind,555
Klein,555
posting,555
leaks,555
realDonaldTrump,555
mocked,554
fees,554
dreams,554
stimulus,554
rid,554
currency,554
widespread,553
Alexander,553
relevant,553
civilians,553
absence,552
contributed,552
shoes,552
everywhere,552
Treasury,552
defensive,552
worries,551
virtually,551
disagree,551
beaten,551
View,550
percentage,550
ice,550
preferred,550
link,549
occasions,549
emphasized,549
sudden,549
hopeful,549
Clintons,549
Kremlin,549
ultimate,548
divorce,548
permanent,548
ordinary,548
Sept,548
extensive,548
photographer,548
applied,548
Benghazi,548
hole,548
witnesses,548
48,547
appoint,547
equipment,547
deserve,547
owners,547
permission,547
criminals,547
Review,547
offense,546
sworn,546
row,546
killer,546
Jong,546
recovery,546
perceived,545
athletes,545
Parker,545
pursuing,545
vacation,544
fundamental,544
Game,544
punishment,544
Latino,544
Nazi,544
kitchen,544
plea,544
finger,544
stops,543
medal,543
signaled,543
readers,543
council,543
targeting,543
flying,543
fighters,543
De,543
Rock,543
empty,542
bright,542
loud,542
interference,542
Sam,542
developing,542
Without,541
deaths,541
essay,541
doors,541
scientists,541
stress,541
historical,541
salary,541
seasons,541
Rather,541
warm,541
detention,540
regret,540
teenage,540
slammed,540
sites,540
nationalist,539
oath,539
Wallace,539
cousin,539
north,539
forcing,539
rushed,539
anchor,539
Duke,539
Taiwan,538
investigated,538
estimated,538
Larry,538
bipartisan,538
studying,538
wanting,538
asylum,538
gathering,538
branch,538
Palm,537
touched,537
nervous,537
fortune,537
picking,537
mixed,537
tens,537
u2009,537
Reporting,536
substance,536
trained,536
handled,536
stolen,535
trusted,535
Musk,535
Glenn,535
feminist,535
reads,535
ESPN,535
Officer,535
earn,534
lifetime,534
gap,534
tight,534
bars,534
regulation,534
fuel,533
restore,533
beloved,533
Jennifer,533
shouted,533
Pruitt,533
bin,533
Make,532
frontrunner,532
teammates,532
Cuomo,532
protected,532
Spencer,532
march,532
inquiry,531
Hannity,531
sea,531
mistakes,531
Administration,531
appreciate,530
pride,530
heritage,530
Executive,530
appearing,530
Missouri,530
Mnuchin,530
commission,530
thanked,529
exist,529
Matthew,529
slowly,529
summit,529
36,529
cry,528
opposing,528
Beyoncé,527
articles,527
exact,527
consideration,527
comedian,527
deadly,527
compete,526
withdraw,526
passenger,526
temporarily,526
acceptance,525
handful,525
personnel,525
intervention,525
Beck,525
feature,524
crossed,524
deported,524
teach,524
tragedy,524
grateful,524
planet,524
spotlight,523
subsequent,523
stupid,523
pregnancy,523
Corbyn,523
cares,522
properly,522
encouraging,522
rescue,522
items,522
spotted,521
G,521
unknown,521
elements,521
regional,521
forth,521
insisting,521
Page,521
privately,521
electorate,520
Republic,520
recuse,520
photographs,519
expansion,519
Parliament,519
relative,519
Bashar,518
addressing,518
painting,518
canceled,517
avoided,517
participate,517
unfair,517
description,516
Watch,516
explicitly,516
1970s,516
surely,516
ridiculous,516
1995,516
Majority,516
equally,515
bond,515
section,515
targets,515
solid,515
Dec,515
Zika,514
mix,514
offices,514
outrage,514
Tennessee,514
harsh,514
dictator,513
privilege,513
reduced,513
Abe,513
seized,512
lengthy,512
resolution,512
narrow,512
reject,512
Finally,511
Square,511
zero,511
decline,511
operating,511
revelations,511
races,511
contents,511
competitive,511
Trade,510
tie,510
resolve,510
Egypt,510
mess,510
Channel,510
portrayed,510
pocket,510
expressing,509
Shortly,509
mere,509
Reach,509
elites,508
pleased,508
spends,508
strikes,508
Islamist,508
Insider,508
temperament,507
factor,507
Roosevelt,507
com,507
occasionally,507
humor,507
defeated,506
prepare,506
Stein,506
outsider,506
caucuses,506
indictment,505
fights,504
fault,504
Arkansas,504
copy,504
execution,504
controlled,504
reverse,503
victories,503
accountable,503
ought,503
homeless,503
amnesty,503
bunch,503
cooperation,502
combined,502
addiction,502
Kellyanne,502
Art,502
inaugural,501
Bible,501
solve,501
troubled,501
delivering,501
clothing,501
divided,500
Oregon,500
Government,500
links,500
walks,500
awrhawkins,500
Omar,500
impressive,499
academic,499
inappropriate,499
route,499
string,498
Week,498
theater,498
engineer,497
channel,497
parliament,497
impose,497
scored,497
Homeland,497
forms,496
Please,496
sector,496
analysts,496
Redstone,496
latter,495
existence,495
Tesla,495
flew,495
Powell,495
55,495
okay,494
precisely,494
structure,494
please,494
expanded,494
scheme,494
attacker,494
editorial,493
investor,493
clip,493
memories,493
lucky,493
damaging,492
divisive,492
minds,492
uniform,492
Holocaust,492
hanging,492
Muhammad,492
1994,492
chain,492
designer,492
notably,491
zone,491
Colbert,491
assertion,491
Never,490
pattern,490
Media,490
screaming,490
Following,490
•,490
Congressional,490
subscribe,490
disclosure,490
sentiment,490
painful,489
Reince,489
Chaffetz,489
walls,489
possession,489
Unlike,489
Santa,489
Mitchell,489
sisters,489
Eastern,489
justices,488
helicopter,488
Jerry,488
laughing,488
restrictions,488
devastating,488
Rachel,488
Angela,488
lesson,487
differently,487
profit,487
compromise,487
2020,487
creation,487
predecessors,487
criticize,486
Asian,486
1993,486
Theresa,486
accepting,486
outspoken,486
trips,486
Perez,486
Seattle,486
reflected,485
raises,485
Terry,485
scientist,485
Turner,485
courage,484
uncle,484
Fort,484
seeks,484
cop,484
symbol,483
Ann,483
mandate,483
wondered,483
Whatever,482
laughed,482
scientific,482
governing,481
viral,481
heat,481
tomorrow,481
choosing,481
factory,481
tapped,480
tend,480
wishes,480
Jerusalem,480
defined,480
publication,479
welcomed,479
spokesperson,479
prospects,479
losses,479
collective,479
Fla,478
grave,478
anonymous,478
writers,478
Was,478
selected,477
37,477
comfort,477
glad,477
Hawaii,477
outright,476
luxury,476
ship,476
holiday,476
plus,476
attracted,476
whenever,475
fatally,475
medicine,475
holdings,475
Armed,475
testing,475
constituents,475
fail,474
variety,474
donated,474
Caucus,474
storm,474
ourselves,473
Pat,472
Medical,472
bizarre,472
stretch,472
38,472
photograph,472
Rahami,472
43,471
impressed,471
investments,471
Broadway,471
Philippines,471
peers,471
Throughout,470
negotiate,470
McCarthy,470
tool,470
Franklin,470
knocked,470
pace,470
breaks,470
arrival,469
observed,469
intellectual,469
depression,469
consultant,469
soft,469
Circuit,469
therapy,469
establish,469
militants,469
tournament,469
occasion,468
grab,468
survey,468
Yorker,468
Manchester,468
Deputy,467
substantial,466
donor,466
hacked,466
Robinson,466
Friends,466
Yates,466
aliens,465
theories,465
unpopular,465
affiliate,465
blasted,465
advertising,465
releasing,465
forgotten,464
audiences,464
parking,464
Assange,464
delay,464
Reynolds,464
advocacy,463
sleeping,463
Benjamin,463
dropping,463
PAC,462
communication,462
Pelosi,462
concept,462
deport,462
echoed,462
sparked,462
Nieto,462
rent,462
Adams,461
weekly,461
sight,461
mobile,461
grant,461
Knicks,461
awarded,460
revealing,460
burden,460
tree,460
afterward,460
stating,460
Jackie,460
mosque,459
Clark,459
houses,459
Keith,458
Berlin,458
Fidel,458
concrete,458
deeper,458
enthusiasm,458
Ron,457
odd,457
indicate,457
lessons,457
humanity,457
destruction,457
actively,457
rifle,457
marketing,457
Marshall,457
AWRHawkins,457
agreements,457
Andy,457
tensions,456
briefed,456
Should,456
comic,456
RNC,456
shelter,456
Giants,456
motion,455
collapse,455
Greg,455
Free,455
Everyone,455
Taliban,455
Scotland,455
shocking,454
featuring,454
phones,454
bullet,454
king,454
Golden,454
residence,454
Jay,454
similarly,454
39,454
managing,453
negotiating,453
rely,453
lawsuits,453
consent,452
forecasts,452
jump,452
loan,452
Medicare,452
denounced,452
nonprofit,451
beach,451
Woods,451
networks,450
Family,450
resulted,450
Bureau,450
Harvey,450
escaped,450
34,449
persona,449
Power,449
examples,449
witnessed,448
application,448
Jake,448
journalism,448
supposedly,447
Four,447
wing,447
lift,447
frankly,447
valuable,447
collected,447
Antonio,447
Maine,447
killings,446
tested,446
excellent,446
portrait,446
suspension,446
script,446
Get,445
kick,445
museum,445
anniversary,445
segment,445
materials,445
disorder,445
confused,445
Morgan,445
sue,445
consensus,444
wrapped,444
roots,444
principal,444
youngest,444
49,444
removal,443
whites,443
abandon,443
lobby,443
cards,443
ranks,443
Apprentice,443
Inside,443
shake,443
propaganda,443
essential,443
aggressively,443
rebels,443
courtroom,442
settle,442
incidents,442
portion,442
entertainment,442
entitled,442
DNA,441
Jeremy,441
bet,441
reminder,441
weird,441
Fed,441
overcome,441
aspects,440
achieved,440
denying,440
Real,440
Woman,440
overwhelming,440
conventional,439
Story,439
stunning,439
recovered,439
athlete,439
vowing,439
app,439
bias,439
transfer,438
assassination,438
misconduct,438
deciding,438
nose,438
unexpected,438
profits,438
contained,438
engagement,438
troubling,438
bridge,438
welfare,438
Connecticut,438
ear,437
violating,437
retreating,437
contests,437
diverse,437
renewed,437
Revolution,437
150,437
tools,437
Front,437
demonstrate,436
75,436
infamous,436
formed,436
sexist,436
expression,436
Calif,436
researchers,436
casting,436
shouting,435
trading,435
employer,435
eliminate,435
timing,435
map,435
Sullivan,435
accompanied,435
promoted,435
steady,435
Castile,435
shame,434
bail,434
gifts,434
Sterling,434
tennis,433
Austin,433
bound,433
honored,433
Ellison,433
bedroom,432
abused,432
grade,432
perception,432
guide,432
Bundy,432
awards,432
liberty,431
oldest,431
Maduro,431
Baldwin,431
excuse,430
supportive,430
smiling,430
nurse,430
favors,430
aired,430
tribute,430
jacket,430
Dana,430
damaged,430
Baker,429
amendment,429
insults,429
Queens,429
ease,429
customer,429
engaging,429
persuade,429
rooms,429
fundraiser,429
civilian,428
conscience,428
warming,428
error,428
shopping,428
Schultz,428
Disney,428
virus,427
conservatism,427
peaceful,427
absolute,427
fish,426
Project,426
suffer,426
types,426
primarily,426
refuse,426
columnist,426
recognition,426
mood,426
stabbed,426
Dylan,426
dignity,425
Douglas,425
Representatives,425
Afghan,425
Kuroda,425
cap,425
ownership,425
package,425
Murphy,425
institution,424
elaborate,424
Dutch,424
nightclub,424
preserve,424
endorsing,424
prisoners,424
Inc,424
figured,423
Hotel,423
representatives,423
passage,423
applause,423
mainly,423
sustained,423
Sweden,423
boasted,422
42,422
nationwide,422
lab,422
Lisa,422
employment,422
highlighted,422
sentencing,422
Christopher,422
blew,422
horror,422
unfit,421
square,421
Cook,421
software,421
clinic,421
Mother,421
creates,421
wounds,421
Ambassador,421
Stanford,421
dialogue,421
horse,420
advanced,420
Penn,420
1980,420
confront,419
knee,419
tension,419
wages,419
Jeffrey,419
checked,419
Ferguson,419
soccer,418
marks,418
strongest,418
wars,418
Amy,418
length,418
taste,418
accomplished,417
accurate,417
ten,417
aircraft,417
Pacific,417
1960s,417
hedge,417
Russell,417
recommended,416
credentials,416
remind,416
Through,416
Grand,416
rumors,416
sweeping,416
buried,416
felony,415
Simon,415
Farage,415
adults,415
friendship,415
teeth,415
combination,415
Mosul,415
Philip,415
loans,415
packed,414
topics,414
cellphone,414
massacre,414
remark,414
Noah,414
passionate,414
disabled,414
riding,413
succeeded,413
prize,413
Rousseff,413
repeat,413
outlet,412
searching,412
asserted,412
Everything,412
paint,412
locker,412
falls,412
stopping,412
enforce,412
joy,412
bombs,412
celebrating,412
Authorities,412
landing,411
subjects,411
winter,411
Part,411
performances,410
inspiration,410
lifted,410
appealing,410
passengers,410
responses,410
Take,410
devices,410
aspect,410
Policy,410
McDonald,410
rolling,410
outrageous,409
violations,409
Diego,409
favorable,409
dragged,409
crack,409
NYPD,409
Immigration,408
pending,408
favored,408
junior,408
Laura,408
mentally,408
talented,408
reveals,408
Action,407
genuine,407
waste,407
conceded,407
Society,407
credits,407
pants,407
embassy,407
wrongdoing,407
pope,407
65,407
sentences,407
reluctant,407
invitation,406
gains,406
shaking,406
equality,406
listened,406
purchase,406
TPP,406
admission,406
developer,406
Barry,406
Blue,406
diagnosis,405
TOKYO,405
Mississippi,405
urban,405
nominate,405
earth,405
disturbing,405
1997,405
Venezuela,405
chapter,405
Nobel,405
improved,405
captain,404
Queen,404
employed,404
Dakota,404
pic,404
250,404
Soon,403
object,403
Haruhiko,403
Would,403
deleted,403
disappeared,403
52,403
Bruce,403
factors,403
raid,403
Jose,403
Ed,402
surrogates,402
Late,402
Until,402
prayers,402
hidden,402
downtown,402
Sea,402
hung,402
Me,402
falsely,402
prompting,401
celebrities,401
vetting,401
presumably,401
Pyongyang,401
Any,401
Team,401
Patriots,401
Carlson,401
53,401
Rand,401
visible,400
generations,400
Labor,400
podium,400
joelpollak,400
Mohammed,400
Coast,400
46,400
Network,400
stable,400
Dean,400
vital,399
arguably,399
Mexicans,399
41,399
Children,399
icon,399
invasion,399
shy,399
disclosed,398
Puerto,398
staffer,398
Which,398
Gore,398
dollar,398
Wade,397
guidance,397
Best,397
Partnership,397
fiction,397
stunned,397
River,397
Maria,396
44,396
hundred,396
Charleston,396
pose,396
themes,396
Phil,396
guards,396
Schiff,396
Reed,396
math,395
Meet,395
spy,395
user,395
socialist,395
loose,395
Warner,395
defender,395
Cup,395
frame,394
unite,394
nights,394
models,394
Roy,394
amounts,394
babies,394
Thiel,393
historically,393
liar,393
dramatically,393
fingers,393
Old,393
Grassley,393
scandals,393
Edward,393
rapper,393
credible,393
initiative,393
connect,392
touted,392
tragic,392
secured,392
executed,392
bureau,392
defendant,391
plastic,391
hack,391
trigger,391
mentor,391
emotions,391
petition,391
Side,391
recover,391
1989,391
interrupted,390
unacceptable,390
Brooks,390
stomach,390
History,390
Lake,390
refuses,390
1988,390
Latin,390
Games,390
elect,390
bitter,390
appointments,389
dominated,389
displayed,389
sweet,389
humans,389
intentions,389
drunk,389
sixth,389
911,389
Hollande,389
wished,389
exclusive,388
goods,388
corporations,388
revenue,388
passes,388
rough,388
certificate,388
determination,387
hang,387
Bronx,387
sing,387
grief,387
centers,387
west,387
Oct,387
volunteer,387
sends,387
McMaster,387
clock,386
norms,386
Y,386
smoke,386
maintaining,386
supply,386
embarrassing,386
dealings,386
HBO,386
prayer,386
contrary,386
47,386
disastrous,386
Snowden,386
misleading,386
Palestinians,385
burst,385
V,385
lyrics,385
routinely,385
dealt,385
Nobody,384
rolled,384
Protection,384
expecting,384
define,384
lobbying,384
permit,384
genius,384
staged,384
tank,384
imagined,384
deemed,384
consumers,384
Laden,384
definition,383
deficit,383
authorized,383
leverage,383
normally,383
threaten,383
evangelical,383
competing,383
reviewed,383
guitar,383
uncertainty,383
ethnic,383
partnership,383
diplomat,383
Lochte,383
confrontation,382
compelling,382
Dave,382
iconic,382
ET,382
celebration,382
Marc,382
self,381
trans,381
plate,381
resist,381
saving,381
Affairs,381
bold,381
proceedings,381
scenario,381
Silicon,381
gym,381
useful,381
